skills,career
coding,Technology
programming,Technology
software,Technology
computer repair,Technology
web development,Technology
data analysis,Technology
robotics,Technology
cybersecurity,Technology
app development,Technology
machine learning,Technology
drawing,Arts
painting,Arts
graphic design,Arts
music,Arts
photography,Arts
fashion design,Arts
creative writing,Arts
animation,Arts
acting,Arts
illustration,Arts
trading,Business
investing,Business
entrepreneurship,Business
sales,Business
marketing,Business
business management,Business
finance,Business
accounting,Business
leadership,Business
negotiation,Business
public speaking,Communication
journalism,Communication
debating,Communication
teaching,Communication
presentation,Communication
social media,Communication
storytelling,Communication
interviewing,Communication
customer service,Communication
communication skills,Communication